formulation,molecule,reduction_onset_10pct_v_vs_li,reduction_half_wave_50pct_v_vs_li,oxidation_onset_10pct_v_vs_li,oxidation_half_wave_50pct_v_vs_li,pathway_failure_threshold_v_vs_li,pathway_rate_at_target_s^-1,fastest_channel_at_target
4 m LiFSI in DME,DME,0.006892567418437788,-0.050000191517001455,4.443109568825689,4.500002291575933,4.579272630729607,4.7041067670012605e-05,DME oxidative C-O cleavage
1 M LiPF6 in EC:EMC (3:7),EC,0.5268927714775167,0.4700000090936431,4.343107233860316,4.399999996154001,3.5,0.006642179650759057,EC radical-cation ring opening
1 M LiPF6 in EC:EMC (3:7),EMC,0.35689662550967316,0.30000379820618583,4.693103403278565,4.749996230098589,4.963903842468418,4.878577152236265e-06,EMC oxidative carbonate cleavage
LiFSI:EC 1:4,EC,0.2568969766944239,0.20000414349500065,4.893107988223685,4.950000737762093,4.971468117113027,0.00013152654762077859,EC HCE radical-cation ring opening
1:1.1 LiFSI in DMC,DMC,0.1568973278753896,0.10000448878337315,5.093107285758513,5.1500000471752845,5.292032540452738,4.8842823261441765e-06,DMC HCE alkoxy-carbonate cleavage
