molecule,reduction_onset_10pct_v_vs_li,reduction_half_wave_50pct_v_vs_li,reduction_onset_90pct_v_vs_li,oxidation_onset_10pct_v_vs_li,oxidation_half_wave_50pct_v_vs_li,oxidation_onset_90pct_v_vs_li,reduction_rank,oxidation_rank,likely_reduce_on_anode,likely_oxidize_by_target
DMC,0.43689329908329677,0.3800005277887922,0.3231077746369671,4.643108083729167,4.700000831651336,4.756893608162381,2.0,1.0,True,True
EC,0.5268927714775167,0.4700000090936431,0.4131072470223447,4.343107233860316,4.399999996154001,4.456892758315489,1.0,2.0,True,True
